KeyLevel_1,KeyLevel_2,KeyLevel_3,KeyLevel_4,KeyLevel_5,default_value,Manufacturer_value,Manufacturer_Device_value,VISA_Command_value,validated_value
AMPLITUDE,DO,LEVEL,REFERENCE,-120,-120,ANY,ANY,:DISPlay:WINDow:TRACe:Y:RLEVel,NOT YET
AMPLITUDE,DO,LEVEL,REFERENCE,-115,-115,ANY,ANY,:DISPlay:WINDow:TRACe:Y:RLEVel,NOT YET
AMPLITUDE,DO,LEVEL,REFERENCE,-110,-110,ANY,ANY,:DISPlay:WINDow:TRACe:Y:RLEVel,NOT YET
AMPLITUDE,DO,LEVEL,REFERENCE,-105,-105,ANY,ANY,:DISPlay:WINDow:TRACe:Y:RLEVel,NOT YET
AMPLITUDE,DO,LEVEL,REFERENCE,-100,-100,ANY,ANY,:DISPlay:WINDow:TRACe:Y:RLEVel,NOT YET
AMPLITUDE,DO,LEVEL,REFERENCE,-95,-95,ANY,ANY,:DISPlay:WINDow:TRACe:Y:RLEVel,NOT YET
AMPLITUDE,DO,LEVEL,REFERENCE,-90,-90,ANY,ANY,:DISPlay:WINDow:TRACe:Y:RLEVel,NOT YET
AMPLITUDE,DO,LEVEL,REFERENCE,-85,-85,ANY,ANY,:DISPlay:WINDow:TRACe:Y:RLEVel,NOT YET
AMPLITUDE,DO,LEVEL,REFERENCE,-80,-80,ANY,ANY,:DISPlay:WINDow:TRACe:Y:RLEVel,NOT YET
AMPLITUDE,DO,LEVEL,REFERENCE,-75,-75,ANY,ANY,:DISPlay:WINDow:TRACe:Y:RLEVel,NOT YET
AMPLITUDE,DO,LEVEL,REFERENCE,-70,-70,ANY,ANY,:DISPlay:WINDow:TRACe:Y:RLEVel,NOT YET
AMPLITUDE,DO,LEVEL,REFERENCE,-65,-65,ANY,ANY,:DISPlay:WINDow:TRACe:Y:RLEVel,NOT YET
AMPLITUDE,DO,LEVEL,REFERENCE,-60,-60,ANY,ANY,:DISPlay:WINDow:TRACe:Y:RLEVel,NOT YET
AMPLITUDE,DO,LEVEL,REFERENCE,-55,-55,ANY,ANY,:DISPlay:WINDow:TRACe:Y:RLEVel,NOT YET
AMPLITUDE,DO,LEVEL,REFERENCE,-50,-50,ANY,ANY,:DISPlay:WINDow:TRACe:Y:RLEVel,NOT YET
AMPLITUDE,DO,LEVEL,REFERENCE,-45,-45,ANY,ANY,:DISPlay:WINDow:TRACe:Y:RLEVel,NOT YET
AMPLITUDE,DO,LEVEL,REFERENCE,-40,-40,ANY,ANY,:DISPlay:WINDow:TRACe:Y:RLEVel,NOT YET
AMPLITUDE,DO,LEVEL,REFERENCE,-35,-35,ANY,ANY,:DISPlay:WINDow:TRACe:Y:RLEVel,NOT YET
AMPLITUDE,DO,LEVEL,REFERENCE,-30,-30,ANY,ANY,:DISPlay:WINDow:TRACe:Y:RLEVel,NOT YET
AMPLITUDE,DO,LEVEL,REFERENCE,-25,-25,ANY,ANY,:DISPlay:WINDow:TRACe:Y:RLEVel,NOT YET
AMPLITUDE,DO,LEVEL,REFERENCE,-20,-20,ANY,ANY,:DISPlay:WINDow:TRACe:Y:RLEVel,NOT YET
AMPLITUDE,DO,LEVEL,REFERENCE,-15,-15,ANY,ANY,:DISPlay:WINDow:TRACe:Y:RLEVel,NOT YET
AMPLITUDE,DO,LEVEL,REFERENCE,-10,-10,ANY,ANY,:DISPlay:WINDow:TRACe:Y:RLEVel,NOT YET
AMPLITUDE,DO,LEVEL,REFERENCE,-5,-5,ANY,ANY,:DISPlay:WINDow:TRACe:Y:RLEVel,NOT YET
AMPLITUDE,DO,LEVEL,REFERENCE,0,0,ANY,ANY,:DISPlay:WINDow:TRACe:Y:RLEVel,NOT YET
AMPLITUDE,DO,ATTENUATION,POWER,0DB,0,ANY,ANY,:POWer:ATTenuation,NOT YET
FREQUENCY,DO,0,SHIFT,MEH,0,Keysight Technologies,N9342CN,:INPut:RFSense:FREQuency:SHIFt,NOT YET
MEMORY,SET,LOAD,PRESET,MEH,0,ANY,ANY,:MMEMory:LOAD:STATe,NOT YET
MEMORY,SET,STORE,PRESET,MEH,0,ANY,ANY,:MMEMory:STORe:STATe,NOT YET
AVERAGE,NAB,TRACE,STAT_COUNT,VALUE,2,ANY,ANY,:AVER:TRAC1:STAT?;:AVER:TRAC1:COUNT?,NOT YET
FREQUENCY,BEG,MEH,CENTER-SPAN,VALUE,2,ANY,ANY,root/Action/instance/Manufacturer/device Model,NOT YET
FREQUENCY,BEG,MEH,START-STOP,VALUE,2,ANY,ANY,:FREQuency:STARt 111;:FREQuency:STOP 222;:FREQuency:STARt?;:FREQuency:STOP?;:SENSe:FREQuency:SPAN?;:SENSe:FREQuency:CENTer?;,NOT YET
FREQUENCY,NAB,OFFSET,CENTER-SPAN,ASK,2,ANY,ANY,:SENSe:FREQuency:SPAN?;:SENSe:FREQuency:CENTer?,NOT YET
FREQUENCY,NAB,START-STOP,VALUE,ASK,2,ANY,ANY,:FREQuency:STARt?;:FREQuency:STOP?,NOT YET
FREQUENCY,RIG,CENTER-SPAN,VALUE,ASK,2,ANY,ANY,:SENSe:FREQuency:CENTer 111;:SENSe:FREQuency:SPAN 222;,NOT YET
FREQUENCY,RIG,START-STOP,VALUE,ASK,2,ANY,ANY,:FREQuency:STARt 111;:FREQuency:STOP 222,NOT YET
TRACE,BEG,DATA,TRACE,1,2,Keysight Technologies,N9340B,:FREQuency:STARt 111;:FREQuency:STOP 222;:TRACe1:DATA?,NOT YET
TRACE,BEG,DATA,TRACE,2,2,Keysight Technologies,N9340B,:FREQuency:STARt 111;:FREQuency:STOP 222;:TRACe2:DATA?,NOT YET
TRACE,BEG,DATA,TRACE,3,2,Keysight Technologies,N9340B,:FREQuency:STARt 111;:FREQuency:STOP 222;:TRACe3:DATA?,NOT YET
TRACE,BEG,DATA,TRACE,4,2,Keysight Technologies,N9340B,:FREQuency:STARt 111;:FREQuency:STOP 222;:TRACe4:DATA?,NOT YET
TRACE,BEG,DATA,TRACE,1,2,Keysight Technologies,N9342CN,:FREQuency:STARt 111;:FREQuency:STOP 222;:TRACe:DATA? TRACE1,NOT YET
TRACE,BEG,DATA,TRACE,2,2,Keysight Technologies,N9342CN,:FREQuency:STARt 111;:FREQuency:STOP 222;:TRACe:DATA? TRACE2,NOT YET
TRACE,BEG,DATA,TRACE,3,2,Keysight Technologies,N9342CN,:FREQuency:STARt 111;:FREQuency:STOP 222;:TRACe:DATA? TRACE3,NOT YET
TRACE,BEG,DATA,TRACE,4,2,Keysight Technologies,N9342CN,:FREQuency:STARt 111;:FREQuency:STOP 222;:TRACe:DATA? TRACE4,NOT YET
AMPLITUDE,NAB,INPUT,POWER,HIGH SENSITIVE,3,Keysight Technologies,N9340B,:DISPlay:WINDow:TRACe:Y:RLEVel?;:POWer:ATTenuation?;:POWer:GAIN?,NOT YET
AMPLITUDE,NAB,INPUT,POWER,HIGH SENSITIVE,3,Keysight Technologies,N9342CN,:DISPlay:WINDow:TRACe:Y:RLEVel?;:POWer:ATTenuation?;:POWer:GAIN?,NOT YET
FREQUENCY,SET,TIME,SWEEP,VALUE,3,Agilent Technologies,N9340B,:SENSe:SWEep:TIME,NOT YET
TRACE,NAB,DATA,Start_Stop_Trace,1,3,Keysight Technologies,N9340B,:FREQuency:STARt?;:FREQuency:STOP?;:TRACe1:DATA?,NOT YET
TRACE,NAB,DATA,Start_Stop_Trace,2,3,Keysight Technologies,N9340B,:FREQuency:STARt?;:FREQuency:STOP?;:TRACe2:DATA?,NOT YET
TRACE,NAB,DATA,Start_Stop_Trace,3,3,Keysight Technologies,N9340B,:FREQuency:STARt?;:FREQuency:STOP?;:TRACe3:DATA?,NOT YET
TRACE,NAB,DATA,Start_Stop_Trace,4,3,Keysight Technologies,N9340B,:FREQuency:STARt?;:FREQuency:STOP?;:TRACe4:DATA?,NOT YET
TRACE,NAB,DATA,Start_Stop_Trace,1,3,Keysight Technologies,N9342CN,:FREQuency:STARt?;:FREQuency:STOP?;:TRACe:DATA? TRACE1,NOT YET
TRACE,NAB,DATA,Start_Stop_Trace,2,3,Keysight Technologies,N9342CN,:FREQuency:STARt?;:FREQuency:STOP?;:TRACe:DATA? TRACE2,NOT YET
TRACE,NAB,DATA,Start_Stop_Trace,3,3,Keysight Technologies,N9342CN,:FREQuency:STARt?;:FREQuency:STOP?;:TRACe:DATA? TRACE3,NOT YET
TRACE,NAB,DATA,Start_Stop_Trace,4,3,Keysight Technologies,N9342CN,:FREQuency:STARt?;:FREQuency:STOP?;:TRACe:DATA? TRACE4,NOT YET
TRACE,BEG,TRACE,MODES,SET,4,ANY,ANY,:TRAC1:MODE 111;:TRAC2:MODE 222;:TRAC3:MODE 333;:TRAC4:MODE 444;:TRAC1:MODE?;:TRAC2:MODE?;:TRAC3:MODE?;:TRAC4:MODE?,NOT YET
TRACE,NAB,DATA,MODES,ASK,4,ANY,ANY,:TRAC1:MODE?;:TRAC2:MODE?;:TRAC3:MODE?;:TRAC4:MODE?,NOT YET
TRACE,NAB,DATA,MODES,ASK,4,ANY,ANY,:TRAC1:MODE?;:TRAC2:MODE?;:TRAC3:MODE?;:TRAC4:MODE?,NOT YET
TRACE,RIG,MODES,SETTINGS,SET,4,ANY,ANY,:TRAC1:MODE 111;:TRAC2:MODE 222;:TRAC3:MODE 333;:TRAC4:MODE 444,NOT YET
BANDWIDTH,NAB,VBW,SETTINGS,VALUE,5,ANY,ANY,:SENSe:BANDwidth:RESolution?;:SENSe:BANDwidth:VIDeo?;:SENSe:BANDwidth:VIDeo:AUTO?;:INITiate:CONTinuous?;:SENSe:SWEep:TIME?,NOT YET
MARKER,BEG,ALL,PLACE,BEG,6,ANY,ANY,:CALCulate:MARKer1:STATe ON;:CALCulate:MARKer2:STATe ON;:CALCulate:MARKer3:STATe ON;:CALCulate:MARKer4:STATe ON;:CALCulate:MARKer5:STATe ON;:CALCulate:MARKer6:STATe ON;:CALCulate:MARKer1:X 111;:CALCulate:MARKer2:X 222;:CALCulate:MARKer3:X 333;:CALCulate:MARKer4:X 444;:CALCulate:MARKer5:X 555;:CALCulate:MARKer6:X 666;:CALCulate:MARKer1:Y?;:CALCulate:MARKer2:Y?;:CALCulate:MARKer3:Y?;:CALCulate:MARKer4:Y?;:CALCulate:MARKer5:Y?;:CALCulate:MARKer6:Y?,NOT YET
MARKER,NAB,ALL,Y,NAB,6,ANY,ANY,:CALCulate:MARKer1:Y?;:CALCulate:MARKer2:Y?;:CALCulate:MARKer3:Y?;:CALCulate:MARKer4:Y?;:CALCulate:MARKer5:Y?;:CALCulate:MARKer1:Y?,NOT YET
MARKER,NAB,ALL,X,NAB,6,ANY,ANY,:CALCulate:MARKer1:X?;:CALCulate:MARKer2:X?;:CALCulate:MARKer3:X?;:CALCulate:MARKer4:X?;:CALCulate:MARKer5:X?;:CALCulate:MARKer1:X?,NOT YET
TRACE,NAB,ONETWOTHREE,Start_Stop_Trace,ALL,8,Keysight Technologies,N9340B,:FREQuency:STARt?;:FREQuency:STOP?;:TRAC1:MODE?;:TRAC2:MODE?;:TRAC3:MODE?;:TRACe1:DATA?;:TRACe2:DATA?;:TRACe3:DATA?;,NOT YET
TRACE,NAB,ONETWOTHREE,Start_Stop_Trace,ALL,8,Keysight Technologies,N9342CN,:FREQuency:STARt?;:FREQuency:STOP?;:TRAC1:MODE?;:TRAC2:MODE?;:TRAC3:MODE?;:TRACe:DATA? TRACE1;:TRACe:DATA? TRACE2;:TRACe:DATA? TRACE3;,NOT YET
AMPLITUDE,DO,ATTENUATION,POWER,10DB,10,ANY,ANY,:POWer:ATTenuation,NOT YET
AMPLITUDE,DO,ATTENUATION,POWER,20DB,20,ANY,ANY,:POWer:ATTenuation,NOT YET
AVERAGE,SET,TRACE,STAT_COUNT,VALUE,25,ANY,ANY,:AVER:TRAC1:COUNT,NOT YET
AMPLITUDE,DO,ATTENUATION,POWER,30DB,30,ANY,ANY,:POWer:ATTenuation,NOT YET
AMPLITUDE,DO,ATTENUATION,POWER,40DB,40,ANY,ANY,:POWer:ATTenuation,NOT YET
AMPLITUDE,DO,ATTENUATION,POWER,50DB,50,ANY,ANY,:POWer:ATTenuation,NOT YET
AMPLITUDE,DO,ATTENUATION,POWER,60DB,60,ANY,ANY,:POWer:ATTenuation,NOT YET
AMPLITUDE,DO,ATTENUATION,POWER,70DB,70,ANY,ANY,:POWer:ATTenuation,NOT YET
FREQUENCY,SET,CENTER,VALUE,VALUE,1000,ANY,ANY,:SENSe:FREQuency:CENTer,NOT YET
FREQUENCY,SET,SPAN,VALUE,VALUE,1000,ANY,ANY,:SENSe:FREQuency:SPAN,NOT YET
FREQUENCY,SET,START,VALUE,VALUE,1000,ANY,ANY,:FREQuency:STARt,NOT YET
FREQUENCY,SET,STOP,VALUE,VALUE,2000,ANY,ANY,:FREQuency:STOP,NOT YET
MARKER,SET,PLACE,X,1,111111,ANY,ANY,:CALCulate:MARKer1:X,NOT YET
MARKER,SET,PLACE,X,2,222222,ANY,ANY,:CALCulate:MARKer2:X,NOT YET
MARKER,SET,PLACE,X,3,333333,ANY,ANY,:CALCulate:MARKer3:X,NOT YET
MARKER,SET,PLACE,X,4,444444,ANY,ANY,:CALCulate:MARKer4:X,NOT YET
MARKER,SET,PLACE,X,5,555555,ANY,ANY,:CALCulate:MARKer5:X,NOT YET
MARKER,SET,PLACE,X,6,666666,ANY,ANY,:CALCulate:MARKer6:X,NOT YET
BANDWIDTH,SET,VBW,RESOLUTION,VALUE,1000000,ANY,ANY,:SENSe:BANDwidth:RESolution,NOT YET
BANDWIDTH,SET,VBW,VIDEO,VALUE,1000000,ANY,ANY,:SENSe:BANDwidth:VIDeo,NOT YET
MARKER,RIG,ALL,MARKERS,SET ,:CALCulate:MARKer2:X 222,ANY,ANY,:CALCulate:MARKer1:STATe ON;:CALCulate:MARKer2:STATe ON;:CALCulate:MARKer3:STATe ON;:CALCulate:MARKer4:STATe ON;:CALCulate:MARKer5:STATe ON;:CALCulate:MARKer6:STATe ON;:CALCulate:MARKer1:X 111,NOT YET
AMPLITUDE,GET,REFERENCE LEVEL,TRACE,Y,?,ANY,ANY,:DISPlay:WINDow:TRACe:Y:RLEVel,NOT YET
AMPLITUDE,GET,REFERENCE LEVEL,TRACE,Y,?,ANY,ANY,:DISPlay:WINDow:TRACe:Y:RLEVel,NOT YET
AMPLITUDE,GET,INPUT,ATTENUATION,AUTO,?,ANY,ANY,:INPut:ATTenuation,NOT YET
AMPLITUDE,GET,INPUT,ATTENUATION,AUTO,?,ANY,ANY,:INPut:ATTenuation,NOT YET
AMPLITUDE,GET,INPUT,GAIN,STATE,?,ANY,ANY,:INPut:GAIN:STATe,NOT YET
AMPLITUDE,GET,INPUT,GAIN,STATE,?,ANY,ANY,:INPut:GAIN:STATe,NOT YET
AMPLITUDE,GET,INPUT,POWER,ATTENUATION,?,ANY,ANY,:POWer:ATTenuation,NOT YET
AMPLITUDE,GET,INPUT,POWER,ATTENUATION,?,ANY,ANY,:POWer:ATTenuation,NOT YET
AMPLITUDE,GET,INPUT,POWER,ATTENUATION,?,ANY,ANY,:POWer:ATTenuation,NOT YET
AMPLITUDE,GET,INPUT,POWER,ATTENUATION,?,ANY,ANY,:POWer:ATTenuation,NOT YET
AMPLITUDE,GET,INPUT,POWER,ATTENUATION,?,ANY,ANY,:POWer:ATTenuation,NOT YET
AMPLITUDE,GET,INPUT,POWER,ATTENUATION,?,ANY,ANY,:POWer:ATTenuation,NOT YET
AMPLITUDE,GET,INPUT,POWER,ATTENUATION,?,ANY,ANY,:POWer:ATTenuation,NOT YET
AMPLITUDE,GET,INPUT,POWER,ATTENUATION,?,ANY,ANY,:POWer:ATTenuation,NOT YET
AMPLITUDE,GET,INPUT,POWER,ATTENUATION,?,ANY,ANY,:POWer:ATTenuation,NOT YET
AMPLITUDE,GET,INPUT,POWER,GAIN,?,ANY,ANY,:POWer:GAIN,NOT YET
AMPLITUDE,GET,INPUT,POWER,GAIN,?,ANY,ANY,:POWer:GAIN,NOT YET
BANDWIDTH,GET,RBW,RESOLUTION,ASK,?,ANY,ANY,:SENSe:BANDwidth:RESolution,NOT YET
BANDWIDTH,GET,VBW,VIDEO,ASK,?,ANY,ANY,:SENSe:BANDwidth:VIDeo,NOT YET
BANDWIDTH,GET,VBW,VIDEO,ASK,?,ANY,ANY,:SENSe:BANDwidth:VIDeo,NOT YET
BANDWIDTH,GET,VBW,VIDEO,AUTO,?,ANY,ANY,:SENSe:BANDwidth:VIDeo:AUTO,NOT YET
BANDWIDTH,GET,VBW,VIDEO,AUTO,?,ANY,ANY,:SENSe:BANDwidth:VIDeo:AUTO,NOT YET
FREQUENCY,GET,SENS,CENTER,ASK,?,ANY,ANY,:SENSe:FREQuency:CENTer,NOT YET
FREQUENCY,GET,SENS,SPAN,ASK,?,ANY,ANY,:SENSe:FREQuency:SPAN,NOT YET
FREQUENCY,GET,SENS,START,ASK,?,ANY,ANY,:FREQuency:STARt,NOT YET
FREQUENCY,GET,SENS,STOP,ASK,?,ANY,ANY,:FREQuency:STOP,NOT YET
FREQUENCY,GET,POINTS,SWEEP,ASK,?,ANY,ANY,:SENSe:SWEep:POINts,NOT YET
FREQUENCY,GET,TIME,SWEEP,ASK,?,Agilent Technologies,N9340B,:SENSe:SWEep:TIME,NOT YET
FREQUENCY,GET,TIME,SWEEP,AUTO,?,Agilent Technologies,N9340B,:SENSe:SWEep:TIME:AUTO,NOT YET
FREQUENCY,GET,TIME,SWEEP,AUTO,?,Agilent Technologies,N9340B,:SENSe:SWEep:TIME:AUTO,NOT YET
FREQUENCY,GET,TIME,SWEEP,AUTO,?,Agilent Technologies,N9340B,:SENSe:SWEep:TIME:AUTO,NOT YET
FREQUENCY,GET,TIME,SWEEP,AUTO,?,Agilent Technologies,N9340B,:SENSe:SWEep:TIME:AUTO,NOT YET
FREQUENCY,GET,MODE,SWEEP,ASK,?,Agilent Technologies,N9340B,:SENSe:SWEep:TIME:AUTO:MODE,NOT YET
FREQUENCY,GET,TDMODE,SWEEP,ASK,?,Agilent Technologies,N9340B,:SENSe:SWEep:TDMode,NOT YET
FREQUENCY,GET,TIME,SWEEP,ASK,?,Keysight Technologies,N9342CN,:SENSe:SWEep:TIME,NOT YET
FREQUENCY,GET,TIME,SWEEP,ASK,?,Keysight Technologies,N9342CN,:SENSe:SWEep:TIME,NOT YET
FREQUENCY,GET,TIME,SWEEP,ASK,?,Keysight Technologies,N9342CN,:SENSe:SWEep:TIME,NOT YET
FREQUENCY,GET,OFFSET,OFFSET,ASK,?,Keysight Technologies,N9342CN,:FREQuency:OFFSet,NOT YET
FREQUENCY,GET,OFFSET,SHIFT,ASK,?,Keysight Technologies,N9342CN,:INPut:RFSense:FREQuency:SHIFt,NOT YET
INITIATE,GET,CONTINUOUS,SWEEP,ASK,?,ANY,ANY,:INITiate:CONTinuous,NOT YET
INITIATE,GET,CONTINUOUS,SWEEP,ASK,?,ANY,ANY,:INITiate:CONTinuous,NOT YET
MARKER,GET,CALCULATE,STATE,1,?,ANY,ANY,:CALCulate:MARKer1:STATe,NOT YET
MARKER,GET,CALCULATE,STATE,2,?,ANY,ANY,:CALCulate:MARKer2:STATe,NOT YET
MARKER,GET,CALCULATE,STATE,3,?,ANY,ANY,:CALCulate:MARKer3:STATe,NOT YET
MARKER,GET,CALCULATE,STATE,4,?,ANY,ANY,:CALCulate:MARKer4:STATe,NOT YET
MARKER,GET,CALCULATE,STATE,5,?,ANY,ANY,:CALCulate:MARKer5:STATe,NOT YET
MARKER,GET,CALCULATE,STATE,6,?,ANY,ANY,:CALCulate:MARKer6:STATe,NOT YET
MARKER,GET,CALCULATE,X,1,?,ANY,ANY,:CALCulate:MARKer1:X,NOT YET
MARKER,GET,CALCULATE,X,2,?,ANY,ANY,:CALCulate:MARKer2:X,NOT YET
MARKER,GET,CALCULATE,X,3,?,ANY,ANY,:CALCulate:MARKer3:X,NOT YET
MARKER,GET,CALCULATE,X,4,?,ANY,ANY,:CALCulate:MARKer4:X,NOT YET
MARKER,GET,CALCULATE,X,5,?,ANY,ANY,:CALCulate:MARKer5:X,NOT YET
MARKER,GET,CALCULATE,X,6,?,ANY,ANY,:CALCulate:MARKer6:X,NOT YET
MARKER,GET,CALCULATE,Y,1,?,ANY,ANY,:CALCulate:MARKer1:Y,NOT YET
MARKER,GET,CALCULATE,Y,2,?,ANY,ANY,:CALCulate:MARKer2:Y,NOT YET
MARKER,GET,CALCULATE,Y,3,?,ANY,ANY,:CALCulate:MARKer3:Y,NOT YET
MARKER,GET,CALCULATE,Y,4,?,ANY,ANY,:CALCulate:MARKer4:Y,NOT YET
MARKER,GET,CALCULATE,Y,5,?,ANY,ANY,:CALCulate:MARKer5:Y,NOT YET
MARKER,GET,CALCULATE,Y,6,?,ANY,ANY,:CALCulate:MARKer6:Y,NOT YET
MEMORY,GET,CATALOG,PRESET,ASK,?,ANY,ANY,:MMEMory:CATalog:STATe,NOT YET
SYSTEM,GET,DEVICE,ID,ASK,?,ANY,ANY,ANYIDN,NOT YET
SYSTEM,GET,DEVICE,ERRORS,ASK,?,ANY,ANY,:SYSTem:ERRor,NOT YET
TRACE,GET,MODE,TRACE,1,?,ANY,ANY,:TRAC1:MODE,NOT YET
TRACE,GET,MODE,TRACE,2,?,ANY,ANY,:TRAC2:MODE,NOT YET
TRACE,GET,MODE,TRACE,3,?,ANY,ANY,:TRAC3:MODE,NOT YET
TRACE,GET,MODE,TRACE,4,?,ANY,ANY,:TRAC4:MODE,NOT YET
TRACE,GET,MODE,TRACE,1,?,ANY,ANY,:TRAC1:MODE,NOT YET
TRACE,GET,MODE,TRACE,2,?,ANY,ANY,:TRAC2:MODE,NOT YET
TRACE,GET,MODE,TRACE,3,?,ANY,ANY,:TRAC3:MODE,NOT YET
TRACE,GET,MODE,TRACE,4,?,ANY,ANY,:TRAC4:MODE,NOT YET
TRACE,GET,MODE,TRACE,1,?,ANY,ANY,:TRAC1:MODE,NOT YET
TRACE,GET,MODE,TRACE,2,?,ANY,ANY,:TRAC2:MODE,NOT YET
TRACE,GET,MODE,TRACE,3,?,ANY,ANY,:TRAC3:MODE,NOT YET
TRACE,GET,MODE,TRACE,4,?,ANY,ANY,:TRAC4:MODE,NOT YET
TRACE,GET,MODE,TRACE,1,?,ANY,ANY,:TRAC1:MODE,NOT YET
TRACE,GET,MODE,TRACE,2,?,ANY,ANY,:TRAC2:MODE,NOT YET
TRACE,GET,MODE,TRACE,3,?,ANY,ANY,:TRAC3:MODE,NOT YET
TRACE,GET,MODE,TRACE,4,?,ANY,ANY,:TRAC4:MODE,NOT YET
TRACE,GET,TYPE,TRACE,DISPLAY,?,ANY,ANY,:DISPlay:WINDow:TRACe:TYPE,NOT YET
TRACE,GET,DATA,TRACE,1,?,Keysight Technologies,N9340B,:TRACe1:DATA,NOT YET
TRACE,GET,DATA,TRACE,2,?,Keysight Technologies,N9340B,:TRACe2:DATA,NOT YET
TRACE,GET,DATA,TRACE,3,?,Keysight Technologies,N9340B,:TRACe3:DATA,NOT YET
TRACE,GET,DATA,TRACE,4,?,Keysight Technologies,N9340B,:TRACe4:DATA,NOT YET
TRACE,DO,DATA,FORMAT,ASCII,ASCii,Keysight Technologies,N9340B,:FORMat:DATA,NOT YET
TRACE,DO,DATA,FORMAT,ASCII,ASCii,Keysight Technologies,N9342CN,:TRACe:FORMat:DATA,NOT YET
TRACE,DO,MODE,BLANK,1,BLANk,ANY,ANY,:TRAC1:MODE,NOT YET
TRACE,DO,MODE,BLANK,2,BLANk,ANY,ANY,:TRAC2:MODE,NOT YET
TRACE,DO,MODE,BLANK,3,BLANk,ANY,ANY,:TRAC3:MODE,NOT YET
TRACE,DO,MODE,BLANK,4,BLANk,ANY,ANY,:TRAC4:MODE,NOT YET
FREQUENCY,DO,MODE,SWEEP,FAST,FAST,Agilent Technologies,N9340B,:SENSe:SWEep:TIME:AUTO:MODE,NOT YET
FREQUENCY,DO,SPACING,SWEEP,LINEAR,LINear,ANY,ANY,:SENSe:X:SPACing LINear,NOT YET
TRACE,SET,Y SCALE,SPACING,DISPLAY,LOGarithmic,ANY,ANY,:DISPlay:WINDow:TRACe:Y:SCALe:SPACing,NOT YET
TRACE,DO,MODE,MAXHOLD,1,MAXHold,ANY,ANY,:TRAC1:MODE,NOT YET
TRACE,DO,MODE,MAXHOLD,2,MAXHold,ANY,ANY,:TRAC2:MODE,NOT YET
TRACE,DO,MODE,MAXHOLD,3,MAXHold,ANY,ANY,:TRAC3:MODE,NOT YET
TRACE,DO,MODE,MAXHOLD,4,MAXHold,ANY,ANY,:TRAC4:MODE,NOT YET
TRACE,DO,MODE,MINHOLD,1,MINHold,ANY,ANY,:TRAC1:MODE,NOT YET
TRACE,DO,MODE,MINHOLD,2,MINHold,ANY,ANY,:TRAC2:MODE,NOT YET
TRACE,DO,MODE,MINHOLD,3,MINHold,ANY,ANY,:TRAC3:MODE,NOT YET
TRACE,DO,MODE,MINHOLD,4,MINHold,ANY,ANY,:TRAC4:MODE,NOT YET
FREQUENCY,DO,MODE,SWEEP,NORMAL,NORMAL,Agilent Technologies,N9340B,:SENSe:SWEep:TIME:AUTO:MODE,NOT YET
AMPLITUDE,DO,AUTO,ATTENUATION,OFF,OFF,ANY,ANY,:INPut:ATTenuation:AUTO,NOT YET
AMPLITUDE,DO,STATE,GAIN,OFF,OFF,ANY,ANY,:INPut:GAIN:STATe,NOT YET
AMPLITUDE,DO,ATTENUATION,POWER AUTO,OFF,OFF,ANY,ANY,:POWer:ATTenuation:AUTO,NOT YET
AMPLITUDE,DO,GAIN,POWER,OFF,OFF,ANY,ANY,:POWer:GAIN,NOT YET
AMPLITUDE,DO,HIGH SENSITIVE,POWER,OFF,OFF,Keysight Technologies,N9342CN,:POWer:HSENsitive,NOT YET
AVERAGE,DO,TRACE,STAT,OFF,OFF,ANY,ANY,:AVER:TRAC1:STAT,NOT YET
BANDWIDTH,DO,VIDEO,AUTO,OFF,OFF,ANY,ANY,:SENSe:BANDwidth:VIDeo:AUTO,NOT YET
FREQUENCY,DO,TIME,SWEEP,AUTO OFF,OFF,Agilent Technologies,N9340B,:SENSe:SWEep:TIME:AUTO,NOT YET
FREQUENCY,DO,TDMODE,SWEEP,OFF,OFF,Agilent Technologies,N9340B,:SENSe:SWEep:TDMode,NOT YET
FREQUENCY,DO,TIME,SWEEP,OFF,OFF,Keysight Technologies,N9342CN,:SENSe:SWEep:TIME:AUTO,NOT YET
INITIATE,DO,CONTINUOUS,VALUE,OFF,Off,ANY,ANY,:INITiate:CONTinuous,NOT YET
MARKER,DO,CALCULATE,STATE 1,OFF,OFF,ANY,ANY,:CALCulate:MARKer1:STATe,NOT YET
MARKER,DO,CALCULATE,STATE 2,OFF,OFF,ANY,ANY,:CALCulate:MARKer2:STATe,NOT YET
MARKER,DO,CALCULATE,STATE 3,OFF,OFF,ANY,ANY,:CALCulate:MARKer3:STATe,NOT YET
MARKER,DO,CALCULATE,STATE 4,OFF,OFF,ANY,ANY,:CALCulate:MARKer4:STATe,NOT YET
MARKER,DO,CALCULATE,STATE 5,OFF,OFF,ANY,ANY,:CALCulate:MARKer5:STATe,NOT YET
MARKER,DO,CALCULATE,STATE 6,OFF,OFF,ANY,ANY,:CALCulate:MARKer6:STATe,NOT YET
AMPLITUDE,DO,AUTO,ATTENUATION,ON,ON,ANY,ANY,:INPut:ATTenuation:AUTO,NOT YET
AMPLITUDE,DO,STATE,GAIN,ON,ON,ANY,ANY,:INPut:GAIN:STATe,NOT YET
AMPLITUDE,DO,ATTENUATION,POWER AUTO,ON,ON,ANY,ANY,:POWer:ATTenuation:AUTO,NOT YET
AMPLITUDE,DO,GAIN,POWER,ON,ON,ANY,ANY,:POWer:GAIN,NOT YET
AMPLITUDE,DO,HIGH SENSITIVE,POWER,ON,ON,Keysight Technologies,N9342CN,:POWer:HSENsitive,NOT YET
AVERAGE,DO,TRACE,STAT,ON,ON,ANY,ANY,:AVER:TRAC1:STAT,NOT YET
BANDWIDTH,DO,VIDEO,AUTO,ON,ON,ANY,ANY,:SENSe:BANDwidth:VIDeo:AUTO,NOT YET
BANDWIDTH,DO,RESOLUTION,AUTO,ON,ON,ANY,ANY,:SENSe:BANDwidth:RESolution:AUTO,NOT YET
BANDWIDTH,DO,VIDEO,AUTO,ON,ON,ANY,ANY,:SENSe:BANDwidth:VIDeo:AUTO,NOT YET
FREQUENCY,DO,TIME,SWEEP,AUTO ON,ON,Agilent Technologies,N9340B,:SENSe:SWEep:TIME:AUTO,NOT YET
FREQUENCY,DO,TDMODE,SWEEP,ON,ON,Agilent Technologies,N9340B,:SENSe:SWEep:TDMode,NOT YET
FREQUENCY,DO,TIME,SWEEP,ON,ON,Keysight Technologies,N9342CN,:SENSe:SWEep:TIME:AUTO,NOT YET
INITIATE,DO,ON,CONTINUOUS,ON,ON,ANY,ANY,:INITiate:CONTinuous,NOT YET
MARKER,DO,CALCULATE,STATE 1,ON,ON,ANY,ANY,:CALCulate:MARKer1:STATe,NOT YET
MARKER,DO,CALCULATE,STATE 2,ON,ON,ANY,ANY,:CALCulate:MARKer2:STATe,NOT YET
MARKER,DO,CALCULATE,STATE 3,ON,ON,ANY,ANY,:CALCulate:MARKer3:STATe,NOT YET
MARKER,DO,CALCULATE,STATE 4,ON,ON,ANY,ANY,:CALCulate:MARKer4:STATe,NOT YET
MARKER,DO,CALCULATE,STATE 5,ON,ON,ANY,ANY,:CALCulate:MARKer5:STATe,NOT YET
MARKER,DO,CALCULATE,STATE 6,ON,ON,ANY,ANY,:CALCulate:MARKer6:STATe,NOT YET
TRACE,DO,MODE,VIEW,1,VIEW,ANY,ANY,:TRAC1:MODE,NOT YET
TRACE,DO,MODE,VIEW,2,VIEW,ANY,ANY,:TRAC2:MODE,NOT YET
TRACE,DO,MODE,VIEW,3,VIEW,ANY,ANY,:TRAC3:MODE,NOT YET
TRACE,DO,MODE,VIEW,4,VIEW,ANY,ANY,:TRAC4:MODE,NOT YET
TRACE,DO,MODE,WRITE,1,WRITe,ANY,ANY,:TRAC1:MODE,NOT YET
TRACE,DO,MODE,WRITE,2,WRITe,ANY,ANY,:TRAC2:MODE,NOT YET
TRACE,DO,MODE,WRITE,3,WRITe,ANY,ANY,:TRAC3:MODE,NOT YET
TRACE,DO,MODE,WRITE,4,WRITe,ANY,ANY,:TRAC4:MODE,NOT YET
TRACE,DO,MODE,WRITE,1,WRITe,ANY,ANY,:TRAC1:MODE,NOT YET
TRACE,DO,MODE,WRITE,2,WRITe,ANY,ANY,:TRAC2:MODE,NOT YET
TRACE,DO,MODE,WRITE,3,WRITe,ANY,ANY,:TRAC3:MODE,NOT YET
TRACE,DO,MODE,WRITE,4,WRITe,ANY,ANY,:TRAC4:MODE,NOT YET
TRACE,DO,MODE,WRITE,1,WRITe,ANY,ANY,:TRAC1:MODE,NOT YET
TRACE,DO,MODE,WRITE,2,WRITe,ANY,ANY,:TRAC2:MODE,NOT YET
TRACE,DO,MODE,WRITE,3,WRITe,ANY,ANY,:TRAC3:MODE,NOT YET
TRACE,DO,MODE,WRITE,4,WRITe,ANY,ANY,:TRAC4:MODE,NOT YET
AMPLITUDE,DO,HIGH SENSITIVE,POWER,ON,,Keysight Technologies,N9340B,:DISPlay:WINDow:TRACe:Y:RLEVel -50; :POWer:ATTenuation 0; :POWer:GAIN ON,NOT YET
AMPLITUDE,DO,HIGH SENSITIVE,POWER,OFF,,Keysight Technologies,N9340B,:DISPlay:WINDow:TRACe:Y:RLEVel 0; :POWer:ATTenuation 20; :POWer:GAIN OFF,NOT YET
INITIATE,DO,IMMEDIATE,SCAN,ACTION,,ANY,ANY,:INITiate:IMMediate,NOT YET
MARKER,DO,CALCULATE,MAX,1,,ANY,ANY,:CALCulate:MARKer1:MAX,NOT YET
MARKER,DO,CALCULATE,MAX,2,,ANY,ANY,:CALCulate:MARKer2:MAX,NOT YET
MARKER,DO,CALCULATE,MAX,3,,ANY,ANY,:CALCulate:MARKer3:MAX,NOT YET
MARKER,DO,CALCULATE,MAX,4,,ANY,ANY,:CALCulate:MARKer4:MAX,NOT YET
MARKER,DO,CALCULATE,MAX,5,,ANY,ANY,:CALCulate:MARKer5:MAX,NOT YET
MARKER,DO,CALCULATE,MAX,6,,ANY,ANY,:CALCulate:MARKer6:MAX,NOT YET
MARKER,DO,CALCULATE,NEXT,1,,ANY,ANY,:CALCulate:MARKer1:NEXT,NOT YET
MARKER,DO,CALCULATE,NEXT,2,,ANY,ANY,:CALCulate:MARKer2:NEXT,NOT YET
MARKER,DO,CALCULATE,NEXT,3,,ANY,ANY,:CALCulate:MARKer3:NEXT,NOT YET
MARKER,DO,CALCULATE,NEXT,4,,ANY,ANY,:CALCulate:MARKer4:NEXT,NOT YET
MARKER,DO,CALCULATE,NEXT,5,,ANY,ANY,:CALCulate:MARKer5:NEXT,NOT YET
MARKER,DO,CALCULATE,NEXT,6,,ANY,ANY,:CALCulate:MARKer6:NEXT,NOT YET
MARKER,DO,SEARCH,ALL,PEAK,,ANY,ANY,CALCulate:MARKer1:MAXimum; :CALCulate:MARKer2:MAXimum:LEFT; :CALCulate:MARKer3:MAXimum:RIGHt; :CALCulate:MARKer4:MAXimum:LEFT; :CALCulate:MARKer5:MAXimum:RIGHt; :CALCulate:MARKer6:MAXimum:LEFT,NOT YET
MARKER,DO,CALCULATE,STATE ALL,ON,,ANY,ANY,:CALCulate:MARKer1:STATe ON; :CALCulate:MARKer2:STATe ON; :CALCulate:MARKer3:STATe ON; :CALCulate:MARKer4:STATe ON; :CALCulate:MARKer5:STATe ON; :CALCulate:MARKer6:STATe ON;,NOT YET
MARKER,DO,CALCULATE,STATE ALL,OFF,,ANY,ANY,:CALCulate:MARKer1:STATe OFF; :CALCulate:MARKer2:STATe OFF; :CALCulate:MARKer3:STATe OFF; :CALCulate:MARKer4:STATe OFF; :CALCulate:MARKer5:STATe OFF; :CALCulate:MARKer6:STATe OFF;,NOT YET
SYSTEM,DO,RESET,SOFT,RESET,,ANY,ANY,SYSTem:POWer:RESet,NOT YET
SYSTEM,DO,RESET,HARD,RESET,,ANY,ANY,ANYRST,NOT YET
SYSTEM,DO,DISPLAY,UPDATE,UPDATE,,ANY,ANY,:SYSTem:DISPlay:UPDate,NOT YET
TRACE,GET,DATA,TRACE,1,,Keysight Technologies,N9342CN,:TRACe:DATA? TRACE1,NOT YET
TRACE,GET,DATA,TRACE,2,,Keysight Technologies,N9342CN,:TRACe:DATA? TRACE2,NOT YET
TRACE,GET,DATA,TRACE,3,,Keysight Technologies,N9342CN,:TRACe:DATA? TRACE3,NOT YET
TRACE,GET,DATA,TRACE,4,,Keysight Technologies,N9342CN,:TRACe:DATA? TRACE4,NOT YET