Parameter,Active,Default_value,VISA_Command,validated
COMMANDS/AMPLITUDE/DO/ATTENUATION/POWER/0DB/ANY/ANY,true,0,:POWer:ATTenuation,NOT YET
COMMANDS/AMPLITUDE/DO/ATTENUATION/POWER/10DB/ANY/ANY,true,10,:POWer:ATTenuation,NOT YET
COMMANDS/AMPLITUDE/DO/ATTENUATION/POWER/20DB/ANY/ANY,true,20,:POWer:ATTenuation,NOT YET
COMMANDS/AMPLITUDE/DO/ATTENUATION/POWER/30DB/ANY/ANY,true,30,:POWer:ATTenuation,NOT YET
COMMANDS/AMPLITUDE/DO/ATTENUATION/POWER/40DB/ANY/ANY,true,40,:POWer:ATTenuation,NOT YET
COMMANDS/AMPLITUDE/DO/ATTENUATION/POWER/50DB/ANY/ANY,true,50,:POWer:ATTenuation,NOT YET
COMMANDS/AMPLITUDE/DO/ATTENUATION/POWER/60DB/ANY/ANY,true,60,:POWer:ATTenuation,NOT YET
COMMANDS/AMPLITUDE/DO/ATTENUATION/POWER/70DB/ANY/ANY,true,70,:POWer:ATTenuation,NOT YET
COMMANDS/AMPLITUDE/DO/ATTENUATION/POWER AUTO/OFF/ANY/ANY,true,OFF,:POWer:ATTenuation:AUTO,NOT YET
COMMANDS/AMPLITUDE/DO/ATTENUATION/POWER AUTO/ON/ANY/ANY,true,ON,:POWer:ATTenuation:AUTO,NOT YET
COMMANDS/AMPLITUDE/DO/AUTO/ATTENUATION/OFF/ANY/ANY,true,OFF,:INPut:ATTenuation:AUTO,NOT YET
COMMANDS/AMPLITUDE/DO/AUTO/ATTENUATION/ON/ANY/ANY,true,ON,:INPut:ATTenuation:AUTO,NOT YET
COMMANDS/AMPLITUDE/DO/GAIN/POWER/OFF/ANY/ANY,true,OFF,:POWer:GAIN,NOT YET
COMMANDS/AMPLITUDE/DO/GAIN/POWER/ON/ANY/ANY,true,ON,:POWer:GAIN,NOT YET
COMMANDS/AMPLITUDE/DO/HIGH SENSITIVE/POWER/OFF/Keysight Technologies/N9340B,,,:DISPlay:WINDow:TRACe:Y:RLEVel 0; :POWer:ATTenuation 20; :POWer:GAIN OFF,NOT YET
COMMANDS/AMPLITUDE/DO/HIGH SENSITIVE/POWER/OFF/Keysight Technologies/N9342CN,true,OFF,:POWer:HSENsitive,NOT YET
COMMANDS/AMPLITUDE/DO/HIGH SENSITIVE/POWER/ON/Keysight Technologies/N9340B,,,:DISPlay:WINDow:TRACe:Y:RLEVel -50; :POWer:ATTenuation 0; :POWer:GAIN ON,NOT YET
COMMANDS/AMPLITUDE/DO/HIGH SENSITIVE/POWER/ON/Keysight Technologies/N9342CN,true,ON,:POWer:HSENsitive,NOT YET
COMMANDS/AMPLITUDE/DO/LEVEL/REFERENCE/-10/ANY/ANY,true,-10,:DISPlay:WINDow:TRACe:Y:RLEVel,NOT YET
COMMANDS/AMPLITUDE/DO/LEVEL/REFERENCE/-100/ANY/ANY,true,-100,:DISPlay:WINDow:TRACe:Y:RLEVel,NOT YET
COMMANDS/AMPLITUDE/DO/LEVEL/REFERENCE/-105/ANY/ANY,true,-105,:DISPlay:WINDow:TRACe:Y:RLEVel,NOT YET
COMMANDS/AMPLITUDE/DO/LEVEL/REFERENCE/-110/ANY/ANY,true,-110,:DISPlay:WINDow:TRACe:Y:RLEVel,NOT YET
COMMANDS/AMPLITUDE/DO/LEVEL/REFERENCE/-115/ANY/ANY,true,-115,:DISPlay:WINDow:TRACe:Y:RLEVel,NOT YET
COMMANDS/AMPLITUDE/DO/LEVEL/REFERENCE/-120/ANY/ANY,true,-120,:DISPlay:WINDow:TRACe:Y:RLEVel,NOT YET
COMMANDS/AMPLITUDE/DO/LEVEL/REFERENCE/-15/ANY/ANY,true,-15,:DISPlay:WINDow:TRACe:Y:RLEVel,NOT YET
COMMANDS/AMPLITUDE/DO/LEVEL/REFERENCE/-20/ANY/ANY,true,-20,:DISPlay:WINDow:TRACe:Y:RLEVel,NOT YET
COMMANDS/AMPLITUDE/DO/LEVEL/REFERENCE/-25/ANY/ANY,true,-25,:DISPlay:WINDow:TRACe:Y:RLEVel,NOT YET
COMMANDS/AMPLITUDE/DO/LEVEL/REFERENCE/-30/ANY/ANY,true,-30,:DISPlay:WINDow:TRACe:Y:RLEVel,NOT YET
COMMANDS/AMPLITUDE/DO/LEVEL/REFERENCE/-35/ANY/ANY,true,-35,:DISPlay:WINDow:TRACe:Y:RLEVel,NOT YET
COMMANDS/AMPLITUDE/DO/LEVEL/REFERENCE/-40/ANY/ANY,true,-40,:DISPlay:WINDow:TRACe:Y:RLEVel,NOT YET
COMMANDS/AMPLITUDE/DO/LEVEL/REFERENCE/-45/ANY/ANY,true,-45,:DISPlay:WINDow:TRACe:Y:RLEVel,NOT YET
COMMANDS/AMPLITUDE/DO/LEVEL/REFERENCE/-5/ANY/ANY,true,-5,:DISPlay:WINDow:TRACe:Y:RLEVel,NOT YET
COMMANDS/AMPLITUDE/DO/LEVEL/REFERENCE/-50/ANY/ANY,true,-50,:DISPlay:WINDow:TRACe:Y:RLEVel,NOT YET
COMMANDS/AMPLITUDE/DO/LEVEL/REFERENCE/-55/ANY/ANY,true,-55,:DISPlay:WINDow:TRACe:Y:RLEVel,NOT YET
COMMANDS/AMPLITUDE/DO/LEVEL/REFERENCE/-60/ANY/ANY,true,-60,:DISPlay:WINDow:TRACe:Y:RLEVel,NOT YET
COMMANDS/AMPLITUDE/DO/LEVEL/REFERENCE/-65/ANY/ANY,true,-65,:DISPlay:WINDow:TRACe:Y:RLEVel,NOT YET
COMMANDS/AMPLITUDE/DO/LEVEL/REFERENCE/-70/ANY/ANY,true,-70,:DISPlay:WINDow:TRACe:Y:RLEVel,NOT YET
COMMANDS/AMPLITUDE/DO/LEVEL/REFERENCE/-75/ANY/ANY,true,-75,:DISPlay:WINDow:TRACe:Y:RLEVel,NOT YET
COMMANDS/AMPLITUDE/DO/LEVEL/REFERENCE/-80/ANY/ANY,true,-80,:DISPlay:WINDow:TRACe:Y:RLEVel,NOT YET
COMMANDS/AMPLITUDE/DO/LEVEL/REFERENCE/-85/ANY/ANY,true,-85,:DISPlay:WINDow:TRACe:Y:RLEVel,NOT YET
COMMANDS/AMPLITUDE/DO/LEVEL/REFERENCE/-90/ANY/ANY,true,-90,:DISPlay:WINDow:TRACe:Y:RLEVel,NOT YET
COMMANDS/AMPLITUDE/DO/LEVEL/REFERENCE/-95/ANY/ANY,true,-95,:DISPlay:WINDow:TRACe:Y:RLEVel,NOT YET
COMMANDS/AMPLITUDE/DO/LEVEL/REFERENCE/0/ANY/ANY,true,0,:DISPlay:WINDow:TRACe:Y:RLEVel,NOT YET
COMMANDS/AMPLITUDE/DO/STATE/GAIN/OFF/ANY/ANY,true,OFF,:INPut:GAIN:STATe,NOT YET
COMMANDS/AMPLITUDE/DO/STATE/GAIN/ON/ANY/ANY,true,ON,:INPut:GAIN:STATe,NOT YET
COMMANDS/AMPLITUDE/GET/INPUT/ATTENUATION/AUTO/ANY/ANY,true,?,:INPut:ATTenuation,NOT YET
COMMANDS/AMPLITUDE/GET/INPUT/GAIN/STATE/ANY/ANY,true,?,:INPut:GAIN:STATe,NOT YET
COMMANDS/AMPLITUDE/GET/INPUT/POWER/ATTENUATION/ANY/ANY,true,?,:POWer:ATTenuation,NOT YET
COMMANDS/AMPLITUDE/GET/INPUT/POWER/GAIN/ANY/ANY,true,?,:POWer:GAIN,NOT YET
COMMANDS/AMPLITUDE/GET/REFERENCE LEVEL/TRACE/Y/ANY/ANY,true,?,:DISPlay:WINDow:TRACe:Y:RLEVel,NOT YET
COMMANDS/AMPLITUDE/NAB/INPUT/POWER/HIGH SENSITIVE/Keysight Technologies/N9340B,true,3,:DISPlay:WINDow:TRACe:Y:RLEVel?;:POWer:ATTenuation?;:POWer:GAIN?,NOT YET
COMMANDS/AMPLITUDE/NAB/INPUT/POWER/HIGH SENSITIVE/Keysight Technologies/N9342CN,true,3,:DISPlay:WINDow:TRACe:Y:RLEVel?;:POWer:ATTenuation?;:POWer:GAIN?,NOT YET
COMMANDS/AVERAGE/DO/TRACE/STAT/OFF/ANY/ANY,true,OFF,:AVER:TRAC1:STAT,NOT YET
COMMANDS/AVERAGE/DO/TRACE/STAT/ON/ANY/ANY,true,ON,:AVER:TRAC1:STAT,NOT YET
COMMANDS/AVERAGE/NAB/TRACE/STAT_COUNT,true,,,
COMMANDS/AVERAGE/NAB/TRACE/STAT_COUNT/Default_value/ANY/ANY,true,2,:AVER:TRAC1:STAT?;:AVER:TRAC1:COUNT?,NOT YET
COMMANDS/AVERAGE/SET/TRACE/STAT_COUNT,true,,,
COMMANDS/AVERAGE/SET/TRACE/STAT_COUNT/Default_value/ANY/ANY,true,25,:AVER:TRAC1:COUNT,NOT YET
COMMANDS/BANDWIDTH/DO/RESOLUTION/AUTO/ON/ANY/ANY,true,ON,:SENSe:BANDwidth:RESolution:AUTO,NOT YET
COMMANDS/BANDWIDTH/DO/VIDEO/AUTO/OFF/ANY/ANY,true,OFF,:SENSe:BANDwidth:VIDeo:AUTO,NOT YET
COMMANDS/BANDWIDTH/DO/VIDEO/AUTO/ON/ANY/ANY,true,ON,:SENSe:BANDwidth:VIDeo:AUTO,NOT YET
COMMANDS/BANDWIDTH/GET/RBW/RESOLUTION/ASK/ANY/ANY,true,?,:SENSe:BANDwidth:RESolution,NOT YET
COMMANDS/BANDWIDTH/GET/VBW/VIDEO/ASK/ANY/ANY,true,?,:SENSe:BANDwidth:VIDeo,NOT YET
COMMANDS/BANDWIDTH/GET/VBW/VIDEO/AUTO/ANY/ANY,true,?,:SENSe:BANDwidth:VIDeo:AUTO,NOT YET
COMMANDS/BANDWIDTH/NAB/VBW/SETTINGS,true,,,
COMMANDS/BANDWIDTH/NAB/VBW/SETTINGS/Default_value/ANY/ANY,true,5,:SENSe:BANDwidth:RESolution?;:SENSe:BANDwidth:VIDeo?;:SENSe:BANDwidth:VIDeo:AUTO?;:INITiate:CONTinuous?;:SENSe:SWEep:TIME?,NOT YET
COMMANDS/BANDWIDTH/SET/VBW/RESOLUTION,true,,,
COMMANDS/BANDWIDTH/SET/VBW/RESOLUTION/Default_value/ANY/ANY,true,1000000,:SENSe:BANDwidth:RESolution,NOT YET
COMMANDS/BANDWIDTH/SET/VBW/VIDEO,true,,,
COMMANDS/BANDWIDTH/SET/VBW/VIDEO/Default_value/ANY/ANY,true,1000000,:SENSe:BANDwidth:VIDeo,NOT YET
COMMANDS/FREQUENCY/BEG/MEH/CENTER-SPAN,true,,,
COMMANDS/FREQUENCY/BEG/MEH/CENTER-SPAN/Default_value/ANY/ANY,true,2,root/Action/instance/Manufacturer/device Model,NOT YET
COMMANDS/FREQUENCY/BEG/MEH/START-STOP,true,,,
COMMANDS/FREQUENCY/BEG/MEH/START-STOP/Default_value/ANY/ANY,true,2,:FREQuency:STARt 111;:FREQuency:STOP 222;:FREQuency:STARt?;:FREQuency:STOP?;:SENSe:FREQuency:SPAN?;:SENSe:FREQuency:CENTer?;,NOT YET
COMMANDS/FREQUENCY/DO/0/SHIFT/MEH/Keysight Technologies/N9342CN,true,0,:INPut:RFSense:FREQuency:SHIFt,NOT YET
COMMANDS/FREQUENCY/DO/MODE/SWEEP/FAST/Agilent Technologies/N9340B,true,FAST,:SENSe:SWEep:TIME:AUTO:MODE,NOT YET
COMMANDS/FREQUENCY/DO/MODE/SWEEP/NORMAL/Agilent Technologies/N9340B,true,NORMAL,:SENSe:SWEep:TIME:AUTO:MODE,NOT YET
COMMANDS/FREQUENCY/DO/SPACING/SWEEP/LINEAR/ANY/ANY,true,LINear,:SENSe:X:SPACing LINear,NOT YET
COMMANDS/FREQUENCY/DO/TDMODE/SWEEP/OFF/Agilent Technologies/N9340B,true,OFF,:SENSe:SWEep:TDMode,NOT YET
COMMANDS/FREQUENCY/DO/TDMODE/SWEEP/ON/Agilent Technologies/N9340B,true,ON,:SENSe:SWEep:TDMode,NOT YET
COMMANDS/FREQUENCY/DO/TIME/SWEEP/AUTO OFF/Agilent Technologies/N9340B,true,OFF,:SENSe:SWEep:TIME:AUTO,NOT YET
COMMANDS/FREQUENCY/DO/TIME/SWEEP/AUTO ON/Agilent Technologies/N9340B,true,ON,:SENSe:SWEep:TIME:AUTO,NOT YET
COMMANDS/FREQUENCY/DO/TIME/SWEEP/OFF/Keysight Technologies/N9342CN,true,OFF,:SENSe:SWEep:TIME:AUTO,NOT YET
COMMANDS/FREQUENCY/DO/TIME/SWEEP/ON/Keysight Technologies/N9342CN,true,ON,:SENSe:SWEep:TIME:AUTO,NOT YET
COMMANDS/FREQUENCY/GET/MODE/SWEEP/ASK/Agilent Technologies/N9340B,true,?,:SENSe:SWEep:TIME:AUTO:MODE,NOT YET
COMMANDS/FREQUENCY/GET/OFFSET/OFFSET/ASK/Keysight Technologies/N9342CN,true,?,:FREQuency:OFFSet,NOT YET
COMMANDS/FREQUENCY/GET/OFFSET/SHIFT/ASK/Keysight Technologies/N9342CN,true,?,:INPut:RFSense:FREQuency:SHIFt,NOT YET
COMMANDS/FREQUENCY/GET/POINTS/SWEEP/ASK/ANY/ANY,true,?,:SENSe:SWEep:POINts,NOT YET
COMMANDS/FREQUENCY/GET/SENS/CENTER/ASK/ANY/ANY,true,?,:SENSe:FREQuency:CENTer,NOT YET
COMMANDS/FREQUENCY/GET/SENS/SPAN/ASK/ANY/ANY,true,?,:SENSe:FREQuency:SPAN,NOT YET
COMMANDS/FREQUENCY/GET/SENS/START/ASK/ANY/ANY,true,?,:FREQuency:STARt,NOT YET
COMMANDS/FREQUENCY/GET/SENS/STOP/ASK/ANY/ANY,true,?,:FREQuency:STOP,NOT YET
COMMANDS/FREQUENCY/GET/TDMODE/SWEEP/ASK/Agilent Technologies/N9340B,true,?,:SENSe:SWEep:TDMode,NOT YET
COMMANDS/FREQUENCY/GET/TIME/SWEEP/ASK/Agilent Technologies/N9340B,true,?,:SENSe:SWEep:TIME,NOT YET
COMMANDS/FREQUENCY/GET/TIME/SWEEP/ASK/Keysight Technologies/N9342CN,true,?,:SENSe:SWEep:TIME,NOT YET
COMMANDS/FREQUENCY/GET/TIME/SWEEP/AUTO/Agilent Technologies/N9340B,true,?,:SENSe:SWEep:TIME:AUTO,NOT YET
COMMANDS/FREQUENCY/NAB/OFFSET/CENTER-SPAN/ASK/ANY/ANY,true,2,:SENSe:FREQuency:SPAN?;:SENSe:FREQuency:CENTer?,NOT YET
COMMANDS/FREQUENCY/NAB/START-STOP,true,,,
COMMANDS/FREQUENCY/NAB/START-STOP/Default_value/ASK/ANY/ANY,true,2,:FREQuency:STARt?;:FREQuency:STOP?,NOT YET
COMMANDS/FREQUENCY/RIG/CENTER-SPAN,true,,,
COMMANDS/FREQUENCY/RIG/CENTER-SPAN/Default_value/ASK/ANY/ANY,true,2,:SENSe:FREQuency:CENTer 111;:SENSe:FREQuency:SPAN 222;,NOT YET
COMMANDS/FREQUENCY/RIG/START-STOP,true,,,
COMMANDS/FREQUENCY/RIG/START-STOP/Default_value/ASK/ANY/ANY,true,2,:FREQuency:STARt 111;:FREQuency:STOP 222,NOT YET
COMMANDS/FREQUENCY/SET/CENTER,true,,,
COMMANDS/FREQUENCY/SET/CENTER/Default_value,true,,,
COMMANDS/FREQUENCY/SET/CENTER/Default_value/Default_value/ANY/ANY,true,1000,:SENSe:FREQuency:CENTer,NOT YET
COMMANDS/FREQUENCY/SET/SPAN,true,,,
COMMANDS/FREQUENCY/SET/SPAN/Default_value,true,,,
COMMANDS/FREQUENCY/SET/SPAN/Default_value/Default_value/ANY/ANY,true,1000,:SENSe:FREQuency:SPAN,NOT YET
COMMANDS/FREQUENCY/SET/START,true,,,
COMMANDS/FREQUENCY/SET/START/Default_value,true,,,
COMMANDS/FREQUENCY/SET/START/Default_value/Default_value/ANY/ANY,true,1000,:FREQuency:STARt,NOT YET
COMMANDS/FREQUENCY/SET/STOP,true,,,
COMMANDS/FREQUENCY/SET/STOP/Default_value,true,,,
COMMANDS/FREQUENCY/SET/STOP/Default_value/Default_value/ANY/ANY,true,2000,:FREQuency:STOP,NOT YET
COMMANDS/FREQUENCY/SET/TIME/SWEEP,true,,,
COMMANDS/FREQUENCY/SET/TIME/SWEEP/Default_value/Agilent Technologies/N9340B,true,3,:SENSe:SWEep:TIME,NOT YET
COMMANDS/INITIATE/DO/CONTINUOUS,true,,,
COMMANDS/INITIATE/DO/CONTINUOUS/Default_value/OFF/ANY/ANY,true,Off,:INITiate:CONTinuous,NOT YET
COMMANDS/INITIATE/DO/IMMEDIATE/SCAN/ACTION/ANY/ANY,,,:INITiate:IMMediate,NOT YET
COMMANDS/INITIATE/DO/ON/CONTINUOUS/ON/ANY/ANY,true,ON,:INITiate:CONTinuous,NOT YET
COMMANDS/INITIATE/GET/CONTINUOUS/SWEEP/ASK/ANY/ANY,true,?,:INITiate:CONTinuous,NOT YET
COMMANDS/MARKER/BEG/ALL/PLACE/BEG/ANY/ANY,true,6,:CALCulate:MARKer1:STATe ON;:CALCulate:MARKer2:STATe ON;:CALCulate:MARKer3:STATe ON;:CALCulate:MARKer4:STATe ON;:CALCulate:MARKer5:STATe ON;:CALCulate:MARKer6:STATe ON;:CALCulate:MARKer1:X 111;:CALCulate:MARKer2:X 222;:CALCulate:MARKer3:X 333;:CALCulate:MARKer4:X 444;:CALCulate:MARKer5:X 555;:CALCulate:MARKer6:X 666;:CALCulate:MARKer1:Y?;:CALCulate:MARKer2:Y?;:CALCulate:MARKer3:Y?;:CALCulate:MARKer4:Y?;:CALCulate:MARKer5:Y?;:CALCulate:MARKer6:Y?,NOT YET
COMMANDS/MARKER/DO/CALCULATE/MAX/1/ANY/ANY,,,:CALCulate:MARKer1:MAX,NOT YET
COMMANDS/MARKER/DO/CALCULATE/MAX/2/ANY/ANY,,,:CALCulate:MARKer2:MAX,NOT YET
COMMANDS/MARKER/DO/CALCULATE/MAX/3/ANY/ANY,,,:CALCulate:MARKer3:MAX,NOT YET
COMMANDS/MARKER/DO/CALCULATE/MAX/4/ANY/ANY,,,:CALCulate:MARKer4:MAX,NOT YET
COMMANDS/MARKER/DO/CALCULATE/MAX/5/ANY/ANY,,,:CALCulate:MARKer5:MAX,NOT YET
COMMANDS/MARKER/DO/CALCULATE/MAX/6/ANY/ANY,,,:CALCulate:MARKer6:MAX,NOT YET
COMMANDS/MARKER/DO/CALCULATE/NEXT/1/ANY/ANY,,,:CALCulate:MARKer1:NEXT,NOT YET
COMMANDS/MARKER/DO/CALCULATE/NEXT/2/ANY/ANY,,,:CALCulate:MARKer2:NEXT,NOT YET
COMMANDS/MARKER/DO/CALCULATE/NEXT/3/ANY/ANY,,,:CALCulate:MARKer3:NEXT,NOT YET
COMMANDS/MARKER/DO/CALCULATE/NEXT/4/ANY/ANY,,,:CALCulate:MARKer4:NEXT,NOT YET
COMMANDS/MARKER/DO/CALCULATE/NEXT/5/ANY/ANY,,,:CALCulate:MARKer5:NEXT,NOT YET
COMMANDS/MARKER/DO/CALCULATE/NEXT/6/ANY/ANY,,,:CALCulate:MARKer6:NEXT,NOT YET
COMMANDS/MARKER/DO/CALCULATE/STATE 1/OFF/ANY/ANY,true,OFF,:CALCulate:MARKer1:STATe,NOT YET
COMMANDS/MARKER/DO/CALCULATE/STATE 1/ON/ANY/ANY,true,ON,:CALCulate:MARKer1:STATe,NOT YET
COMMANDS/MARKER/DO/CALCULATE/STATE 2/OFF/ANY/ANY,true,OFF,:CALCulate:MARKer2:STATe,NOT YET
COMMANDS/MARKER/DO/CALCULATE/STATE 2/ON/ANY/ANY,true,ON,:CALCulate:MARKer2:STATe,NOT YET
COMMANDS/MARKER/DO/CALCULATE/STATE 3/OFF/ANY/ANY,true,OFF,:CALCulate:MARKer3:STATe,NOT YET
COMMANDS/MARKER/DO/CALCULATE/STATE 3/ON/ANY/ANY,true,ON,:CALCulate:MARKer3:STATe,NOT YET
COMMANDS/MARKER/DO/CALCULATE/STATE 4/OFF/ANY/ANY,true,OFF,:CALCulate:MARKer4:STATe,NOT YET
COMMANDS/MARKER/DO/CALCULATE/STATE 4/ON/ANY/ANY,true,ON,:CALCulate:MARKer4:STATe,NOT YET
COMMANDS/MARKER/DO/CALCULATE/STATE 5/OFF/ANY/ANY,true,OFF,:CALCulate:MARKer5:STATe,NOT YET
COMMANDS/MARKER/DO/CALCULATE/STATE 5/ON/ANY/ANY,true,ON,:CALCulate:MARKer5:STATe,NOT YET
COMMANDS/MARKER/DO/CALCULATE/STATE 6/OFF/ANY/ANY,true,OFF,:CALCulate:MARKer6:STATe,NOT YET
COMMANDS/MARKER/DO/CALCULATE/STATE 6/ON/ANY/ANY,true,ON,:CALCulate:MARKer6:STATe,NOT YET
COMMANDS/MARKER/DO/CALCULATE/STATE ALL/OFF/ANY/ANY,,,:CALCulate:MARKer1:STATe OFF; :CALCulate:MARKer2:STATe OFF; :CALCulate:MARKer3:STATe OFF; :CALCulate:MARKer4:STATe OFF; :CALCulate:MARKer5:STATe OFF; :CALCulate:MARKer6:STATe OFF;,NOT YET
COMMANDS/MARKER/DO/CALCULATE/STATE ALL/ON/ANY/ANY,,,:CALCulate:MARKer1:STATe ON; :CALCulate:MARKer2:STATe ON; :CALCulate:MARKer3:STATe ON; :CALCulate:MARKer4:STATe ON; :CALCulate:MARKer5:STATe ON; :CALCulate:MARKer6:STATe ON;,NOT YET
COMMANDS/MARKER/DO/SEARCH/ALL/PEAK/ANY/ANY,,,CALCulate:MARKer1:MAXimum; :CALCulate:MARKer2:MAXimum:LEFT; :CALCulate:MARKer3:MAXimum:RIGHt; :CALCulate:MARKer4:MAXimum:LEFT; :CALCulate:MARKer5:MAXimum:RIGHt; :CALCulate:MARKer6:MAXimum:LEFT,NOT YET
COMMANDS/MARKER/GET/CALCULATE/STATE/1/ANY/ANY,true,?,:CALCulate:MARKer1:STATe,NOT YET
COMMANDS/MARKER/GET/CALCULATE/STATE/2/ANY/ANY,true,?,:CALCulate:MARKer2:STATe,NOT YET
COMMANDS/MARKER/GET/CALCULATE/STATE/3/ANY/ANY,true,?,:CALCulate:MARKer3:STATe,NOT YET
COMMANDS/MARKER/GET/CALCULATE/STATE/4/ANY/ANY,true,?,:CALCulate:MARKer4:STATe,NOT YET
COMMANDS/MARKER/GET/CALCULATE/STATE/5/ANY/ANY,true,?,:CALCulate:MARKer5:STATe,NOT YET
COMMANDS/MARKER/GET/CALCULATE/STATE/6/ANY/ANY,true,?,:CALCulate:MARKer6:STATe,NOT YET
COMMANDS/MARKER/GET/CALCULATE/X/1/ANY/ANY,true,?,:CALCulate:MARKer1:X,NOT YET
COMMANDS/MARKER/GET/CALCULATE/X/2/ANY/ANY,true,?,:CALCulate:MARKer2:X,NOT YET
COMMANDS/MARKER/GET/CALCULATE/X/3/ANY/ANY,true,?,:CALCulate:MARKer3:X,NOT YET
COMMANDS/MARKER/GET/CALCULATE/X/4/ANY/ANY,true,?,:CALCulate:MARKer4:X,NOT YET
COMMANDS/MARKER/GET/CALCULATE/X/5/ANY/ANY,true,?,:CALCulate:MARKer5:X,NOT YET
COMMANDS/MARKER/GET/CALCULATE/X/6/ANY/ANY,true,?,:CALCulate:MARKer6:X,NOT YET
COMMANDS/MARKER/GET/CALCULATE/Y/1/ANY/ANY,true,?,:CALCulate:MARKer1:Y,NOT YET
COMMANDS/MARKER/GET/CALCULATE/Y/2/ANY/ANY,true,?,:CALCulate:MARKer2:Y,NOT YET
COMMANDS/MARKER/GET/CALCULATE/Y/3/ANY/ANY,true,?,:CALCulate:MARKer3:Y,NOT YET
COMMANDS/MARKER/GET/CALCULATE/Y/4/ANY/ANY,true,?,:CALCulate:MARKer4:Y,NOT YET
COMMANDS/MARKER/GET/CALCULATE/Y/5/ANY/ANY,true,?,:CALCulate:MARKer5:Y,NOT YET
COMMANDS/MARKER/GET/CALCULATE/Y/6/ANY/ANY,true,?,:CALCulate:MARKer6:Y,NOT YET
COMMANDS/MARKER/NAB/ALL/X/NAB/ANY/ANY,true,6,:CALCulate:MARKer1:X?;:CALCulate:MARKer2:X?;:CALCulate:MARKer3:X?;:CALCulate:MARKer4:X?;:CALCulate:MARKer5:X?;:CALCulate:MARKer1:X?,NOT YET
COMMANDS/MARKER/NAB/ALL/Y/NAB/ANY/ANY,true,6,:CALCulate:MARKer1:Y?;:CALCulate:MARKer2:Y?;:CALCulate:MARKer3:Y?;:CALCulate:MARKer4:Y?;:CALCulate:MARKer5:Y?;:CALCulate:MARKer1:Y?,NOT YET
COMMANDS/MARKER/RIG/ALL/MARKERS/SET /ANY/ANY,true,:CALCulate:MARKer2:X 222,:CALCulate:MARKer1:STATe ON;:CALCulate:MARKer2:STATe ON;:CALCulate:MARKer3:STATe ON;:CALCulate:MARKer4:STATe ON;:CALCulate:MARKer5:STATe ON;:CALCulate:MARKer6:STATe ON;:CALCulate:MARKer1:X 111,NOT YET
COMMANDS/MARKER/SET/PLACE/X/1/ANY/ANY,true,111111,:CALCulate:MARKer1:X,NOT YET
COMMANDS/MARKER/SET/PLACE/X/2/ANY/ANY,true,222222,:CALCulate:MARKer2:X,NOT YET
COMMANDS/MARKER/SET/PLACE/X/3/ANY/ANY,true,333333,:CALCulate:MARKer3:X,NOT YET
COMMANDS/MARKER/SET/PLACE/X/4/ANY/ANY,true,444444,:CALCulate:MARKer4:X,NOT YET
COMMANDS/MARKER/SET/PLACE/X/5/ANY/ANY,true,555555,:CALCulate:MARKer5:X,NOT YET
COMMANDS/MARKER/SET/PLACE/X/6/ANY/ANY,true,666666,:CALCulate:MARKer6:X,NOT YET
COMMANDS/MEMORY/GET/CATALOG/PRESET/ASK/ANY/ANY,true,?,:MMEMory:CATalog:STATe,NOT YET
COMMANDS/MEMORY/SET/LOAD/PRESET/MEH/ANY/ANY,true,0,:MMEMory:LOAD:STATe,NOT YET
COMMANDS/MEMORY/SET/STORE/PRESET/MEH/ANY/ANY,true,0,:MMEMory:STORe:STATe,NOT YET
COMMANDS/SYSTEM/DO/DISPLAY/UPDATE/UPDATE/ANY/ANY,,,:SYSTem:DISPlay:UPDate,NOT YET
COMMANDS/SYSTEM/DO/RESET/HARD/RESET/ANY/ANY,,,ANYRST,NOT YET
COMMANDS/SYSTEM/DO/RESET/SOFT/RESET/ANY/ANY,,,SYSTem:POWer:RESet,NOT YET
COMMANDS/SYSTEM/GET/DEVICE/ERRORS/ASK/ANY/ANY,true,?,:SYSTem:ERRor,NOT YET
COMMANDS/SYSTEM/GET/DEVICE/ID/ASK/ANY/ANY,true,?,ANYIDN,NOT YET
COMMANDS/TRACE/BEG/DATA/TRACE/1/Keysight Technologies/N9340B,true,2,:FREQuency:STARt 111;:FREQuency:STOP 222;:TRACe1:DATA?,NOT YET
COMMANDS/TRACE/BEG/DATA/TRACE/1/Keysight Technologies/N9342CN,true,2,:FREQuency:STARt 111;:FREQuency:STOP 222;:TRACe:DATA? TRACE1,NOT YET
COMMANDS/TRACE/BEG/DATA/TRACE/2/Keysight Technologies/N9340B,true,2,:FREQuency:STARt 111;:FREQuency:STOP 222;:TRACe2:DATA?,NOT YET
COMMANDS/TRACE/BEG/DATA/TRACE/2/Keysight Technologies/N9342CN,true,2,:FREQuency:STARt 111;:FREQuency:STOP 222;:TRACe:DATA? TRACE2,NOT YET
COMMANDS/TRACE/BEG/DATA/TRACE/3/Keysight Technologies/N9340B,true,2,:FREQuency:STARt 111;:FREQuency:STOP 222;:TRACe3:DATA?,NOT YET
COMMANDS/TRACE/BEG/DATA/TRACE/3/Keysight Technologies/N9342CN,true,2,:FREQuency:STARt 111;:FREQuency:STOP 222;:TRACe:DATA? TRACE3,NOT YET
COMMANDS/TRACE/BEG/DATA/TRACE/4/Keysight Technologies/N9340B,true,2,:FREQuency:STARt 111;:FREQuency:STOP 222;:TRACe4:DATA?,NOT YET
COMMANDS/TRACE/BEG/DATA/TRACE/4/Keysight Technologies/N9342CN,true,2,:FREQuency:STARt 111;:FREQuency:STOP 222;:TRACe:DATA? TRACE4,NOT YET
COMMANDS/TRACE/BEG/TRACE/MODES/SET/ANY/ANY,true,4,:TRAC1:MODE 111;:TRAC2:MODE 222;:TRAC3:MODE 333;:TRAC4:MODE 444;:TRAC1:MODE?;:TRAC2:MODE?;:TRAC3:MODE?;:TRAC4:MODE?,NOT YET
COMMANDS/TRACE/DO/DATA/FORMAT/ASCII/Keysight Technologies/N9340B,true,ASCii,:FORMat:DATA,NOT YET
COMMANDS/TRACE/DO/DATA/FORMAT/ASCII/Keysight Technologies/N9342CN,true,ASCii,:TRACe:FORMat:DATA,NOT YET
COMMANDS/TRACE/DO/MODE/BLANK/1/ANY/ANY,true,BLANk,:TRAC1:MODE,NOT YET
COMMANDS/TRACE/DO/MODE/BLANK/2/ANY/ANY,true,BLANk,:TRAC2:MODE,NOT YET
COMMANDS/TRACE/DO/MODE/BLANK/3/ANY/ANY,true,BLANk,:TRAC3:MODE,NOT YET
COMMANDS/TRACE/DO/MODE/BLANK/4/ANY/ANY,true,BLANk,:TRAC4:MODE,NOT YET
COMMANDS/TRACE/DO/MODE/MAXHOLD/1/ANY/ANY,true,MAXHold,:TRAC1:MODE,NOT YET
COMMANDS/TRACE/DO/MODE/MAXHOLD/2/ANY/ANY,true,MAXHold,:TRAC2:MODE,NOT YET
COMMANDS/TRACE/DO/MODE/MAXHOLD/3/ANY/ANY,true,MAXHold,:TRAC3:MODE,NOT YET
COMMANDS/TRACE/DO/MODE/MAXHOLD/4/ANY/ANY,true,MAXHold,:TRAC4:MODE,NOT YET
COMMANDS/TRACE/DO/MODE/MINHOLD/1/ANY/ANY,true,MINHold,:TRAC1:MODE,NOT YET
COMMANDS/TRACE/DO/MODE/MINHOLD/2/ANY/ANY,true,MINHold,:TRAC2:MODE,NOT YET
COMMANDS/TRACE/DO/MODE/MINHOLD/3/ANY/ANY,true,MINHold,:TRAC3:MODE,NOT YET
COMMANDS/TRACE/DO/MODE/MINHOLD/4/ANY/ANY,true,MINHold,:TRAC4:MODE,NOT YET
COMMANDS/TRACE/DO/MODE/VIEW/1/ANY/ANY,true,VIEW,:TRAC1:MODE,NOT YET
COMMANDS/TRACE/DO/MODE/VIEW/2/ANY/ANY,true,VIEW,:TRAC2:MODE,NOT YET
COMMANDS/TRACE/DO/MODE/VIEW/3/ANY/ANY,true,VIEW,:TRAC3:MODE,NOT YET
COMMANDS/TRACE/DO/MODE/VIEW/4/ANY/ANY,true,VIEW,:TRAC4:MODE,NOT YET
COMMANDS/TRACE/DO/MODE/WRITE/1/ANY/ANY,true,WRITe,:TRAC1:MODE,NOT YET
COMMANDS/TRACE/DO/MODE/WRITE/2/ANY/ANY,true,WRITe,:TRAC2:MODE,NOT YET
COMMANDS/TRACE/DO/MODE/WRITE/3/ANY/ANY,true,WRITe,:TRAC3:MODE,NOT YET
COMMANDS/TRACE/DO/MODE/WRITE/4/ANY/ANY,true,WRITe,:TRAC4:MODE,NOT YET
COMMANDS/TRACE/GET/DATA/TRACE/1/Keysight Technologies/N9340B,true,?,:TRACe1:DATA,NOT YET
COMMANDS/TRACE/GET/DATA/TRACE/1/Keysight Technologies/N9342CN,,,:TRACe:DATA? TRACE1,NOT YET
COMMANDS/TRACE/GET/DATA/TRACE/2/Keysight Technologies/N9340B,true,?,:TRACe2:DATA,NOT YET
COMMANDS/TRACE/GET/DATA/TRACE/2/Keysight Technologies/N9342CN,,,:TRACe:DATA? TRACE2,NOT YET
COMMANDS/TRACE/GET/DATA/TRACE/3/Keysight Technologies/N9340B,true,?,:TRACe3:DATA,NOT YET
COMMANDS/TRACE/GET/DATA/TRACE/3/Keysight Technologies/N9342CN,,,:TRACe:DATA? TRACE3,NOT YET
COMMANDS/TRACE/GET/DATA/TRACE/4/Keysight Technologies/N9340B,true,?,:TRACe4:DATA,NOT YET
COMMANDS/TRACE/GET/DATA/TRACE/4/Keysight Technologies/N9342CN,,,:TRACe:DATA? TRACE4,NOT YET
COMMANDS/TRACE/GET/MODE/TRACE/1/ANY/ANY,true,?,:TRAC1:MODE,NOT YET
COMMANDS/TRACE/GET/MODE/TRACE/2/ANY/ANY,true,?,:TRAC2:MODE,NOT YET
COMMANDS/TRACE/GET/MODE/TRACE/3/ANY/ANY,true,?,:TRAC3:MODE,NOT YET
COMMANDS/TRACE/GET/MODE/TRACE/4/ANY/ANY,true,?,:TRAC4:MODE,NOT YET
COMMANDS/TRACE/GET/TYPE/TRACE/DISPLAY/ANY/ANY,true,?,:DISPlay:WINDow:TRACe:TYPE,NOT YET
COMMANDS/TRACE/NAB/DATA/MODES/ASK/ANY/ANY,true,4,:TRAC1:MODE?;:TRAC2:MODE?;:TRAC3:MODE?;:TRAC4:MODE?,NOT YET
COMMANDS/TRACE/NAB/DATA/Start_Stop_Trace/1/Keysight Technologies/N9340B,true,3,:FREQuency:STARt?;:FREQuency:STOP?;:TRACe1:DATA?,NOT YET
COMMANDS/TRACE/NAB/DATA/Start_Stop_Trace/1/Keysight Technologies/N9342CN,true,3,:FREQuency:STARt?;:FREQuency:STOP?;:TRACe:DATA? TRACE1,NOT YET
COMMANDS/TRACE/NAB/DATA/Start_Stop_Trace/2/Keysight Technologies/N9340B,true,3,:FREQuency:STARt?;:FREQuency:STOP?;:TRACe2:DATA?,NOT YET
COMMANDS/TRACE/NAB/DATA/Start_Stop_Trace/2/Keysight Technologies/N9342CN,true,3,:FREQuency:STARt?;:FREQuency:STOP?;:TRACe:DATA? TRACE2,NOT YET
COMMANDS/TRACE/NAB/DATA/Start_Stop_Trace/3/Keysight Technologies/N9340B,true,3,:FREQuency:STARt?;:FREQuency:STOP?;:TRACe3:DATA?,NOT YET
COMMANDS/TRACE/NAB/DATA/Start_Stop_Trace/3/Keysight Technologies/N9342CN,true,3,:FREQuency:STARt?;:FREQuency:STOP?;:TRACe:DATA? TRACE3,NOT YET
COMMANDS/TRACE/NAB/DATA/Start_Stop_Trace/4/Keysight Technologies/N9340B,true,3,:FREQuency:STARt?;:FREQuency:STOP?;:TRACe4:DATA?,NOT YET
COMMANDS/TRACE/NAB/DATA/Start_Stop_Trace/4/Keysight Technologies/N9342CN,true,3,:FREQuency:STARt?;:FREQuency:STOP?;:TRACe:DATA? TRACE4,NOT YET
COMMANDS/TRACE/NAB/ONETWOTHREE/Start_Stop_Trace/ALL/Keysight Technologies/N9340B,true,8,:FREQuency:STARt?;:FREQuency:STOP?;:TRAC1:MODE?;:TRAC2:MODE?;:TRAC3:MODE?;:TRACe1:DATA?;:TRACe2:DATA?;:TRACe3:DATA?;,NOT YET
COMMANDS/TRACE/NAB/ONETWOTHREE/Start_Stop_Trace/ALL/Keysight Technologies/N9342CN,true,8,:FREQuency:STARt?;:FREQuency:STOP?;:TRAC1:MODE?;:TRAC2:MODE?;:TRAC3:MODE?;:TRACe:DATA? TRACE1;:TRACe:DATA? TRACE2;:TRACe:DATA? TRACE3;,NOT YET
COMMANDS/TRACE/RIG/MODES/SETTINGS/SET/ANY/ANY,true,4,:TRAC1:MODE 111;:TRAC2:MODE 222;:TRAC3:MODE 333;:TRAC4:MODE 444,NOT YET
